job_year,job_education
0,2年经验,本科
1,在校生/应届生,大专
2,本科,无学历要求
3,2年经验,大专
4,1年经验,大专
5,2年经验,本科
6,2年经验,本科
7,2年经验,本科
8,3-4年经验,本科
9,1年经验,大专
10,3-4年经验,本科
11,3-4年经验,本科
12,在校生/应届生,本科
13,1年经验,本科
14,无需经验,本科
15,本科,无学历要求
16,2年经验,本科
17,2年经验,本科
18,2年经验,本科
19,大专,无学历要求
20,2年经验,大专
21,在校生/应届生,本科
22,3-4年经验,本科
23,在校生/应届生,大专
24,在校生/应届生,本科
25,本科,无学历要求
26,大专,无学历要求
27,3-4年经验,本科
28,2年经验,中技
29,1年经验,大专
30,3-4年经验,大专
31,1年经验,高中
32,1年经验,大专
33,在校生/应届生,高中
34,2年经验,大专
35,1年经验,大专
36,1年经验,大专
37,无需经验,本科
38,1年经验,大专
39,1年经验,大专
40,在校生/应届生,中专
41,1年经验,本科
42,本科,无学历要求
43,2年经验,本科
44,3-4年经验,本科
45,在校生/应届生,中专
46,1年经验,中技
47,1年经验,本科
48,5-7年经验,本科
49,在校生/应届生,大专
50,无需经验,本科
51,在校生/应届生,本科
52,大专,无学历要求
53,2年经验,本科
54,1年经验,大专
55,3-4年经验,大专
56,2年经验,高中
57,3-4年经验,大专
58,1年经验,大专
59,1年经验,大专
60,2年经验,本科
61,1年经验,大专
62,1年经验,大专
63,1年经验,本科
64,3-4年经验,本科
65,在校生/应届生,本科
66,在校生/应届生,本科
67,1年经验,大专
68,1年经验,初中及以下
69,1年经验,大专
70,2年经验,大专
71,在校生/应届生,大专
72,3-4年经验,无学历要求
73,3-4年经验,本科
74,大专,无学历要求
75,在校生/应届生,高中
76,2年经验,本科
77,3-4年经验,中专
78,3-4年经验,本科
79,在校生/应届生,中专
80,2年经验,本科
81,3-4年经验,无学历要求
82,3-4年经验,本科
83,3-4年经验,本科
84,5-7年经验,大专
85,在校生/应届生,本科
86,在校生/应届生,本科
87,2年经验,本科
88,5-7年经验,本科
89,2年经验,本科
90,本科,无学历要求
91,1年经验,本科
92,2年经验,本科
93,在校生/应届生,本科
94,2年经验,本科
95,硕士,招2人
96,5-7年经验,本科
97,5-7年经验,本科
98,1年经验,大专
99,1年经验,本科
100,2年经验,本科
101,本科,无学历要求
102,1年经验,大专
103,2年经验,大专
104,1年经验,本科
105,2年经验,本科
106,无需经验,本科
107,2年经验,本科
108,在校生/应届生,大专
109,1年经验,本科
110,1年经验,高中
111,5-7年经验,本科
112,1年经验,大专
113,无需经验,大专
114,3-4年经验,本科
115,3-4年经验,硕士
116,1年经验,本科
117,5-7年经验,本科
118,3-4年经验,本科
119,3-4年经验,大专
120,2年经验,硕士
121,2年经验,本科
122,本科,无学历要求
123,在校生/应届生,本科
124,3-4年经验,本科
125,1年经验,大专
126,1年经验,大专
127,5-7年经验,本科
128,2年经验,大专
129,5-7年经验,本科
130,硕士,无学历要求
131,1年经验,本科
132,1年经验,本科
133,3-4年经验,本科
134,1年经验,无学历要求
135,在校生/应届生,本科
136,本科,无学历要求
137,1年经验,大专
138,2年经验,中技
139,5-7年经验,本科
140,在校生/应届生,本科
141,1年经验,本科
142,1年经验,本科
143,1年经验,本科
144,1年经验,大专
145,本科,无学历要求
146,在校生/应届生,大专
147,1年经验,本科
148,2年经验,本科
149,2年经验,大专
150,1年经验,大专
151,2年经验,大专
152,大专,无学历要求
153,硕士,无学历要求
154,2年经验,本科
155,3-4年经验,本科
156,2年经验,本科
157,3-4年经验,本科
158,大专,招2人
159,1年经验,大专
160,1年经验,本科
161,1年经验,大专
162,无需经验,中专
163,大专,招2人
164,大专,招2人
165,3-4年经验,大专
166,在校生/应届生,本科
167,大专,无学历要求
168,1年经验,本科
169,2年经验,大专
170,2年经验,本科
171,2年经验,本科
172,1年经验,本科
173,1年经验,无学历要求
174,1年经验,大专
175,在校生/应届生,大专
176,1年经验,本科
177,8-9年经验,本科
178,5-7年经验,本科
179,无需经验,本科
180,大专,无学历要求
181,1年经验,本科
182,3-4年经验,大专
183,8-9年经验,本科
184,1年经验,本科
185,3-4年经验,本科
186,3-4年经验,本科
187,在校生/应届生,本科
188,3-4年经验,本科
189,1年经验,硕士
190,1年经验,本科
191,1年经验,本科
192,5-7年经验,本科
193,1年经验,大专
194,3-4年经验,大专
195,2年经验,本科
196,3-4年经验,大专
197,在校生/应届生,中专
198,大专,无学历要求
199,大专,无学历要求
200,高中,无学历要求
201,本科,无学历要求
202,大专,无学历要求
203,2年经验,本科
204,2年经验,本科
205,1年经验,本科
206,3-4年经验,本科
207,在校生/应届生,本科
208,2年经验,本科
209,在校生/应届生,大专
210,本科,无学历要求
211,2年经验,大专
212,3-4年经验,本科
213,3-4年经验,本科
214,在校生/应届生,大专
215,本科,无学历要求
216,无需经验,本科
217,3-4年经验,本科
218,1年经验,大专
219,5-7年经验,大专
220,3-4年经验,本科
221,2年经验,本科
222,2年经验,本科
223,10年以上经验,本科
224,2年经验,本科
225,2年经验,本科
226,1年经验,本科
227,1年经验,高中
228,2年经验,本科
229,3-4年经验,本科
230,3-4年经验,无学历要求
231,本科,无学历要求
232,1年经验,本科
233,3-4年经验,大专
234,3-4年经验,本科
235,5-7年经验,本科
236,3-4年经验,本科
237,5-7年经验,大专
238,3-4年经验,本科
239,在校生/应届生,大专
240,在校生/应届生,中技
241,5-7年经验,本科
242,本科,无学历要求
243,2年经验,本科
244,1年经验,大专
245,1年经验,大专
246,1年经验,大专
247,1年经验,本科
248,大专,无学历要求
249,本科,无学历要求
250,3-4年经验,本科
251,3-4年经验,大专
252,1年经验,大专
253,2年经验,大专
254,本科,无学历要求
255,3-4年经验,大专
256,2年经验,本科
257,8-9年经验,本科
258,本科,无学历要求
259,2年经验,本科
260,3-4年经验,本科
261,大专,无学历要求
262,3-4年经验,本科
263,3-4年经验,大专
264,3-4年经验,本科
265,3-4年经验,招1人
266,1年经验,本科
267,2年经验,无学历要求
268,8-9年经验,本科
269,2年经验,大专
270,无需经验,本科
271,3-4年经验,大专
272,3-4年经验,本科
273,2年经验,大专
274,3-4年经验,本科
275,5-7年经验,本科
276,2年经验,无学历要求
277,3-4年经验,本科
278,1年经验,大专
279,5-7年经验,大专
280,在校生/应届生,本科
281,大专,无学历要求
282,3-4年经验,大专
283,在校生/应届生,大专
284,1年经验,大专
285,5-7年经验,本科
286,3-4年经验,本科
287,1年经验,本科
288,5-7年经验,本科
289,1年经验,大专
290,在校生/应届生,本科
291,2年经验,本科
292,3-4年经验,大专
293,3-4年经验,本科
294,在校生/应届生,本科
295,1年经验,本科
296,在校生/应届生,本科
297,1年经验,大专
298,3-4年经验,本科
299,3-4年经验,本科
300,无需经验,本科
301,本科,无学历要求
302,5-7年经验,本科
303,1年经验,无学历要求
304,3-4年经验,本科
305,3-4年经验,本科
306,3-4年经验,本科
307,3-4年经验,大专
308,3-4年经验,本科
309,在校生/应届生,硕士
310,2年经验,本科
311,5-7年经验,本科
312,1年经验,本科
313,3-4年经验,本科
314,5-7年经验,本科
315,3-4年经验,无学历要求
316,3-4年经验,大专
317,5-7年经验,本科
318,1年经验,本科
319,无需经验,硕士
320,在校生/应届生,大专
321,3-4年经验,本科
322,3-4年经验,本科
323,3-4年经验,本科
324,1年经验,本科
325,3-4年经验,本科
326,3-4年经验,硕士
327,2年经验,大专
328,2年经验,高中
329,3-4年经验,大专
330,1年经验,本科
331,本科,无学历要求
332,3-4年经验,本科
333,无需经验,硕士
334,1年经验,大专
335,5-7年经验,本科
336,无需经验,硕士
337,5-7年经验,硕士
338,2年经验,大专
339,在校生/应届生,高中
340,1年经验,本科
341,在校生/应届生,本科
342,无需经验,中专
343,在校生/应届生,硕士
344,2年经验,本科
345,1年经验,无学历要求
346,5-7年经验,中专
347,3-4年经验,本科
348,2年经验,本科
349,在校生/应届生,本科
350,2年经验,中专
351,2年经验,本科
352,1年经验,大专
353,1年经验,大专
354,5-7年经验,硕士
355,1年经验,大专
356,在校生/应届生,大专
357,3-4年经验,无学历要求
358,3-4年经验,硕士
359,2年经验,大专
360,3-4年经验,硕士
361,3-4年经验,大专
362,5-7年经验,本科
363,1年经验,本科
364,大专,无学历要求
365,3-4年经验,本科
366,3-4年经验,本科
367,5-7年经验,本科
368,3-4年经验,本科
369,3-4年经验,大专
370,1年经验,大专
371,2年经验,大专
372,3-4年经验,本科
373,2年经验,中专
374,2年经验,本科
375,无需经验,无学历要求
376,本科,招若干人
377,3-4年经验,本科
378,无需经验,初中及以下
379,2年经验,本科
380,1年经验,大专
381,1年经验,大专
382,5-7年经验,本科
383,1年经验,大专
384,大专,无学历要求
385,1年经验,本科
386,在校生/应届生,中专
387,5-7年经验,本科
388,在校生/应届生,本科
389,5-7年经验,大专
390,5-7年经验,本科
391,在校生/应届生,大专
392,1年经验,大专
393,3-4年经验,本科
394,3-4年经验,本科
395,无需经验,本科
396,2年经验,本科
397,1年经验,本科
398,在校生/应届生,大专
399,本科,无学历要求
400,5-7年经验,无学历要求
401,5-7年经验,本科
402,8-9年经验,本科
403,本科,无学历要求
404,2年经验,本科
405,1年经验,大专
406,1年经验,大专
407,1年经验,大专
408,3-4年经验,无学历要求
409,1年经验,大专
410,3-4年经验,本科
411,无需经验,大专
412,3-4年经验,本科
413,在校生/应届生,本科
414,1年经验,本科
415,无需经验,招5人
416,3-4年经验,本科
417,无需经验,中专
418,在校生/应届生,博士
419,3-4年经验,本科
420,1年经验,大专
421,在校生/应届生,本科
422,无需经验,本科
423,3-4年经验,本科
424,5-7年经验,本科
425,1年经验,大专
426,2年经验,本科
427,3-4年经验,本科
428,无需经验,本科
429,2年经验,本科
430,3-4年经验,本科
431,在校生/应届生,中专
432,在校生/应届生,硕士
433,1年经验,本科
434,2年经验,本科
435,8-9年经验,本科
436,3-4年经验,大专
437,5-7年经验,本科
438,3-4年经验,大专
439,3-4年经验,本科
440,3-4年经验,大专
441,3-4年经验,大专
442,1年经验,本科
443,3-4年经验,大专
444,3-4年经验,大专
445,3-4年经验,本科
446,5-7年经验,本科
447,3-4年经验,本科
448,3-4年经验,本科
449,5-7年经验,本科
450,2年经验,大专
451,在校生/应届生,大专
452,3-4年经验,本科
453,3-4年经验,本科
454,2年经验,大专
455,1年经验,大专
456,5-7年经验,本科
457,3-4年经验,本科
458,1年经验,大专
459,2年经验,本科
460,5-7年经验,本科
461,1年经验,大专
462,无需经验,大专
463,1年经验,中专
464,5-7年经验,本科
465,2年经验,本科
466,5-7年经验,本科
467,1年经验,大专
468,5-7年经验,本科
469,5-7年经验,本科
470,5-7年经验,本科
471,3-4年经验,本科
472,1年经验,大专
473,1年经验,本科
474,3-4年经验,本科
475,5-7年经验,本科
476,2年经验,本科
477,2年经验,本科
478,3-4年经验,本科
479,无需经验,本科
480,2年经验,大专
481,3-4年经验,本科
482,1年经验,本科
483,3-4年经验,大专
484,3-4年经验,大专
485,1年经验,本科
486,在校生/应届生,高中
487,1年经验,大专
488,1年经验,硕士
489,2年经验,本科
490,5-7年经验,大专
491,3-4年经验,本科
492,5-7年经验,本科
493,2年经验,大专
494,1年经验,大专
495,1年经验,大专
496,大专,无学历要求
497,1年经验,大专
498,3-4年经验,本科
499,3-4年经验,大专
500,1年经验,硕士
501,1年经验,大专
502,3-4年经验,大专
503,2年经验,本科
504,无需经验,本科
505,3-4年经验,本科
506,3-4年经验,本科
507,5-7年经验,本科
508,3-4年经验,大专
509,3-4年经验,本科
510,1年经验,本科
511,2年经验,本科
512,5-7年经验,本科
513,2年经验,大专
514,3-4年经验,本科
515,5-7年经验,本科
516,3-4年经验,硕士
517,在校生/应届生,大专
518,无需经验,大专
519,1年经验,大专
520,本科,无学历要求
521,2年经验,本科
522,在校生/应届生,中专
523,5-7年经验,本科
524,5-7年经验,硕士
525,硕士,招2人
526,2年经验,高中
527,在校生/应届生,大专
528,5-7年经验,中专
529,3-4年经验,本科
530,3-4年经验,本科
531,1年经验,本科
532,5-7年经验,本科
533,2年经验,大专
534,2年经验,本科
535,在校生/应届生,大专
536,2年经验,本科
537,3-4年经验,本科
538,3-4年经验,大专
539,5-7年经验,本科
540,在校生/应届生,大专
541,2年经验,大专
542,3-4年经验,大专
543,3-4年经验,本科
544,1年经验,大专
545,2年经验,大专
546,3-4年经验,本科
547,2年经验,大专
548,1年经验,大专
549,2年经验,大专
550,5-7年经验,本科
551,1年经验,无学历要求
552,2年经验,本科
553,3-4年经验,本科
554,1年经验,中技
555,3-4年经验,本科
556,3-4年经验,本科
557,3-4年经验,本科
558,5-7年经验,本科
559,1年经验,大专
560,本科,无学历要求
561,5-7年经验,本科
562,1年经验,大专
563,在校生/应届生,本科
564,3-4年经验,本科
565,1年经验,本科
566,3-4年经验,本科
567,1年经验,本科
568,3-4年经验,本科
569,1年经验,本科
570,2年经验,本科
571,本科,无学历要求
572,3-4年经验,本科
573,招若干人,无学历要求
574,3-4年经验,本科
575,8-9年经验,本科
576,5-7年经验,本科
577,2年经验,大专
578,在校生/应届生,硕士
579,1年经验,本科
580,2年经验,本科
581,2年经验,本科
582,3-4年经验,硕士
583,1年经验,大专
584,2年经验,大专
585,2年经验,大专
586,3-4年经验,本科
587,在校生/应届生,本科
588,1年经验,本科
589,3-4年经验,本科
590,在校生/应届生,大专
591,2年经验,大专
592,在校生/应届生,本科
593,1年经验,大专
594,3-4年经验,本科
595,1年经验,大专
596,3-4年经验,本科
597,3-4年经验,大专
598,无需经验,中技
599,在校生/应届生,大专
600,3-4年经验,本科
601,2年经验,大专
602,3-4年经验,本科
603,在校生/应届生,大专
604,大专,无学历要求
605,在校生/应届生,大专
606,1年经验,大专
607,1年经验,大专
608,3-4年经验,本科
609,1年经验,本科
610,1年经验,大专
611,在校生/应届生,本科
612,在校生/应届生,大专
613,3-4年经验,本科
614,3-4年经验,大专
615,在校生/应届生,大专
616,在校生/应届生,大专
617,本科,无学历要求
618,3-4年经验,本科
619,1年经验,本科
620,1年经验,本科
621,2年经验,大专
622,2年经验,大专
623,2年经验,大专
624,无需经验,中专
625,8-9年经验,本科
626,1年经验,硕士
627,3-4年经验,大专
628,2年经验,本科
629,5-7年经验,本科
630,2年经验,本科
631,1年经验,中专
632,本科,无学历要求
633,在校生/应届生,大专
634,大专,无学历要求
635,本科,招若干人
636,本科,无学历要求
637,在校生/应届生,本科
638,本科,无学历要求
639,本科,无学历要求
640,本科,无学历要求
641,2年经验,高中
642,2年经验,中专
643,3-4年经验,本科
644,1年经验,硕士
645,2年经验,大专
646,1年经验,本科
647,1年经验,大专
648,3-4年经验,大专
649,无需经验,本科
650,3-4年经验,本科
651,大专,无学历要求
652,1年经验,大专
653,1年经验,本科
654,在校生/应届生,大专
655,在校生/应届生,本科
656,2年经验,本科
657,本科,无学历要求
658,在校生/应届生,本科
659,2年经验,本科
660,1年经验,大专
661,2年经验,本科
662,在校生/应届生,大专
663,在校生/应届生,本科
664,2年经验,本科
665,2年经验,本科
666,2年经验,大专
667,在校生/应届生,大专
668,5-7年经验,本科
669,1年经验,大专
670,8-9年经验,本科
671,在校生/应届生,无学历要求
672,1年经验,大专
673,2年经验,大专
674,大专,招2人
675,无需经验,大专
676,1年经验,大专
677,1年经验,大专
678,在校生/应届生,中专
679,5-7年经验,大专
680,1年经验,本科
681,2年经验,本科
682,2年经验,本科
683,1年经验,本科
684,2年经验,大专
685,3-4年经验,本科
686,3-4年经验,无学历要求
687,3-4年经验,本科
688,2年经验,本科
689,在校生/应届生,无学历要求
690,在校生/应届生,无学历要求
691,3-4年经验,本科
692,2年经验,本科
693,1年经验,硕士
694,3-4年经验,大专
695,1年经验,大专
696,1年经验,本科
697,2年经验,大专
698,1年经验,大专
699,大专,无学历要求
700,5-7年经验,本科
701,2年经验,本科
702,3-4年经验,本科
703,2年经验,本科
704,2年经验,本科
705,2年经验,本科
706,3-4年经验,本科
707,2年经验,本科
708,2年经验,本科
709,3-4年经验,大专
710,5-7年经验,本科
711,5-7年经验,本科
712,5-7年经验,本科
713,2年经验,本科
714,3-4年经验,本科
715,1年经验,大专
716,2年经验,大专
717,无需经验,大专
718,2年经验,本科
719,3-4年经验,本科
720,3-4年经验,大专
721,无需经验,本科
722,3-4年经验,本科
723,3-4年经验,本科
724,2年经验,大专
725,2年经验,本科
726,3-4年经验,本科
727,5-7年经验,本科
728,8-9年经验,本科
729,无需经验,本科
730,1年经验,本科
731,在校生/应届生,高中
732,3-4年经验,大专
733,1年经验,大专
734,5-7年经验,本科
735,8-9年经验,本科
736,在校生/应届生,本科
737,1年经验,本科
738,5-7年经验,本科
739,1年经验,大专
740,3-4年经验,本科
741,2年经验,本科
742,3-4年经验,本科
743,1年经验,大专
744,2年经验,本科
745,5-7年经验,本科
746,在校生/应届生,本科
747,3-4年经验,本科
748,2年经验,本科
749,在校生/应届生,本科
750,1年经验,大专
751,1年经验,大专
752,在校生/应届生,大专
753,在校生/应届生,本科
754,3-4年经验,本科
755,1年经验,本科
756,5-7年经验,本科
757,1年经验,本科
758,无需经验,本科
759,3-4年经验,本科
760,2年经验,大专
761,在校生/应届生,本科
762,2年经验,本科
763,3-4年经验,本科
764,1年经验,大专
765,3-4年经验,硕士
766,无需经验,中专
767,无需经验,本科
768,1年经验,本科
769,5-7年经验,本科
770,1年经验,大专
771,2年经验,本科
772,5-7年经验,本科
773,在校生/应届生,大专
774,2年经验,本科
775,3-4年经验,本科
776,1年经验,大专
777,1年经验,本科
778,在校生/应届生,本科
779,在校生/应届生,大专
780,3-4年经验,本科
781,1年经验,大专
782,3-4年经验,大专
783,5-7年经验,本科
784,3-4年经验,本科
785,2年经验,本科
786,1年经验,本科
787,3-4年经验,本科
788,2年经验,大专
789,2年经验,中专
790,3-4年经验,本科
791,3-4年经验,本科
792,1年经验,本科
793,3-4年经验,大专
794,3-4年经验,本科
795,1年经验,大专
796,1年经验,大专
797,3-4年经验,本科
798,在校生/应届生,大专
799,2年经验,本科
800,2年经验,本科
801,3-4年经验,本科
802,2年经验,大专
803,2年经验,本科
804,3-4年经验,大专
805,在校生/应届生,大专
806,5-7年经验,本科
807,1年经验,大专
808,无需经验,大专
809,2年经验,本科
810,1年经验,本科
811,5-7年经验,本科
812,3-4年经验,本科
813,2年经验,大专
814,1年经验,本科
815,1年经验,本科
816,在校生/应届生,本科
817,3-4年经验,大专
818,无需经验,本科
819,2年经验,本科
820,3-4年经验,本科
821,2年经验,无学历要求
822,1年经验,中专
823,1年经验,本科
824,2年经验,大专
825,1年经验,硕士
826,大专,无学历要求
827,2年经验,本科
828,本科,无学历要求
829,在校生/应届生,中专
830,在校生/应届生,大专
831,大专,无学历要求
832,本科,无学历要求
833,2年经验,本科
834,1年经验,中专
835,1年经验,本科
836,3-4年经验,本科
837,3-4年经验,本科
838,在校生/应届生,本科
839,2年经验,本科
840,3-4年经验,本科
841,3-4年经验,本科
842,在校生/应届生,本科
843,2年经验,大专
844,3-4年经验,本科
845,1年经验,大专
846,3-4年经验,本科
847,在校生/应届生,大专
848,大专,无学历要求
849,大专,无学历要求
850,2年经验,本科
851,1年经验,大专
852,3-4年经验,本科
853,在校生/应届生,大专
854,在校生/应届生,硕士
855,2年经验,本科
856,3-4年经验,本科
857,2年经验,本科
858,在校生/应届生,本科
859,1年经验,大专
860,3-4年经验,本科
861,2年经验,本科
862,2年经验,大专
863,3-4年经验,大专
864,本科,无学历要求
865,2年经验,大专
866,1年经验,中专
867,在校生/应届生,本科
868,1年经验,大专
869,3-4年经验,大专
870,2年经验,本科
871,3-4年经验,本科
872,1年经验,本科
873,3-4年经验,本科
874,2年经验,本科
875,1年经验,本科
876,3-4年经验,本科
877,在校生/应届生,中专
878,3-4年经验,本科
879,2年经验,本科
880,在校生/应届生,大专
881,无需经验,本科
882,1年经验,本科
883,1年经验,大专
884,2年经验,本科
885,1年经验,大专
886,2年经验,大专
887,3-4年经验,大专
888,1年经验,大专
889,在校生/应届生,无学历要求
890,大专,招2人
891,8-9年经验,本科
892,1年经验,大专
893,无需经验,大专
894,3-4年经验,本科
895,2年经验,大专
896,1年经验,中专
897,无需经验,无学历要求
898,在校生/应届生,高中
899,2年经验,大专
900,无需经验,大专
901,1年经验,大专
902,1年经验,中专
903,1年经验,大专
904,3-4年经验,本科
905,本科,无学历要求
906,5-7年经验,本科
907,博士,无学历要求
908,1年经验,本科
909,5-7年经验,本科
910,无需经验,大专
911,2年经验,本科
912,3-4年经验,本科
913,5-7年经验,硕士
914,3-4年经验,本科
915,无需经验,大专
916,在校生/应届生,本科
917,无需经验,大专
918,无需经验,中专
919,2年经验,大专
920,3-4年经验,本科
921,1年经验,大专
922,2年经验,大专
923,1年经验,本科
924,2年经验,本科
925,5-7年经验,本科
926,8-9年经验,本科
927,1年经验,大专
928,2年经验,本科
929,2年经验,大专
930,5-7年经验,本科
931,1年经验,大专
932,2年经验,本科
933,在校生/应届生,本科
934,3-4年经验,本科
935,1年经验,本科
936,2年经验,大专
937,在校生/应届生,大专
938,5-7年经验,大专
939,3-4年经验,大专
940,3-4年经验,本科
941,3-4年经验,大专
942,3-4年经验,本科
943,无需经验,本科
944,5-7年经验,大专
945,2年经验,本科
946,2年经验,本科
947,在校生/应届生,本科
948,在校生/应届生,大专
949,2年经验,本科
950,无需经验,本科
951,5-7年经验,本科
952,2年经验,大专
953,3-4年经验,硕士
954,2年经验,本科
955,8-9年经验,本科
956,3-4年经验,本科
957,1年经验,大专
958,1年经验,本科
959,3-4年经验,大专
960,5-7年经验,本科
961,5-7年经验,本科
962,3-4年经验,本科
963,大专,无学历要求
964,1年经验,本科
965,3-4年经验,本科
966,2年经验,大专
967,2年经验,大专
968,1年经验,大专
969,本科,无学历要求
970,1年经验,本科
971,2年经验,本科
972,1年经验,大专
973,无需经验,大专
974,5-7年经验,本科
975,1年经验,本科
976,1年经验,大专
977,3-4年经验,本科
978,2年经验,本科
979,3-4年经验,本科
980,1年经验,硕士
981,在校生/应届生,本科
982,1年经验,大专
983,5-7年经验,本科
984,3-4年经验,本科
985,在校生/应届生,本科
986,1年经验,本科
987,3-4年经验,本科
988,1年经验,本科
989,3-4年经验,本科
990,1年经验,无学历要求
991,2年经验,本科
992,2年经验,本科
993,2年经验,大专
994,1年经验,无学历要求
995,2年经验,本科
996,3-4年经验,本科
997,2年经验,本科
998,无需经验,大专
999,无需经验,本科
1000,2年经验,大专
1001,3-4年经验,本科
1002,无需经验,中专
1003,在校生/应届生,无学历要求
1004,无需经验,中专
1005,5-7年经验,本科
1006,3-4年经验,大专
1007,3-4年经验,本科
1008,2年经验,本科
1009,1年经验,中专
1010,1年经验,本科
1011,3-4年经验,大专
1012,1年经验,大专
1013,3-4年经验,无学历要求
1014,3-4年经验,硕士
1015,大专,无学历要求
1016,1年经验,本科
1017,在校生/应届生,本科
1018,3-4年经验,本科
1019,1年经验,本科
1020,3-4年经验,本科
1021,2年经验,大专
1022,3-4年经验,本科
1023,3-4年经验,本科
1024,1年经验,大专
1025,1年经验,中专
1026,3-4年经验,本科
1027,3-4年经验,大专
1028,3-4年经验,大专
1029,在校生/应届生,博士
1030,2年经验,大专
1031,1年经验,本科
1032,3-4年经验,大专
1033,5-7年经验,大专
1034,2年经验,大专
1035,1年经验,本科
1036,3-4年经验,本科
1037,2年经验,无学历要求
1038,3-4年经验,本科
1039,1年经验,高中
1040,3-4年经验,本科
1041,2年经验,本科
1042,1年经验,本科
1043,2年经验,大专
1044,3-4年经验,本科
1045,1年经验,本科
1046,1年经验,本科
1047,在校生/应届生,本科
1048,1年经验,中专
1049,招2人,无学历要求
1050,2年经验,本科
1051,3-4年经验,本科
1052,1年经验,大专
1053,1年经验,本科
1054,在校生/应届生,初中及以下
1055,1年经验,本科
1056,1年经验,本科
1057,1年经验,本科
1058,在校生/应届生,本科
1059,1年经验,大专
1060,1年经验,大专
1061,3-4年经验,大专
1062,3-4年经验,本科
1063,1年经验,中专
1064,3-4年经验,本科
1065,无需经验,大专
1066,无需经验,大专
1067,3-4年经验,硕士
1068,10年以上经验,本科
1069,无需经验,大专
1070,3-4年经验,本科
1071,无需经验,无学历要求
1072,在校生/应届生,大专
1073,5-7年经验,本科
1074,1年经验,本科
1075,3-4年经验,本科
1076,5-7年经验,本科
1077,3-4年经验,本科
1078,在校生/应届生,大专
1079,3-4年经验,本科
1080,2年经验,本科
1081,2年经验,本科
1082,2年经验,大专
1083,3-4年经验,本科
1084,在校生/应届生,本科
1085,3-4年经验,中专
1086,1年经验,无学历要求
1087,3-4年经验,本科
1088,1年经验,本科
1089,无需经验,大专
1090,3-4年经验,硕士
1091,2年经验,大专
1092,3-4年经验,无学历要求
1093,在校生/应届生,本科
1094,1年经验,本科
1095,1年经验,大专
1096,5-7年经验,硕士
1097,3-4年经验,本科
1098,2年经验,本科
1099,无需经验,大专
1100,5-7年经验,本科
1101,2年经验,本科
1102,在校生/应届生,本科
1103,2年经验,本科
1104,在校生/应届生,大专
1105,无需经验,大专
1106,2年经验,大专
1107,5-7年经验,本科
1108,无需经验,大专
1109,3-4年经验,本科
1110,2年经验,本科
1111,在校生/应届生,无学历要求
1112,3-4年经验,大专
1113,1年经验,大专
1114,1年经验,大专
1115,3-4年经验,本科
1116,3-4年经验,本科
1117,1年经验,本科
1118,2年经验,本科
1119,1年经验,本科
1120,5-7年经验,大专
1121,在校生/应届生,本科
1122,1年经验,大专
1123,3-4年经验,本科
1124,无需经验,大专
1125,5-7年经验,无学历要求
1126,2年经验,大专
1127,2年经验,本科
1128,2年经验,大专
1129,3-4年经验,本科
1130,1年经验,大专
1131,无需经验,本科
1132,1年经验,本科
1133,1年经验,大专
1134,5-7年经验,本科
1135,1年经验,硕士
1136,在校生/应届生,本科
1137,3-4年经验,本科
1138,1年经验,大专
1139,在校生/应届生,中专
1140,3-4年经验,本科
1141,1年经验,大专
1142,3-4年经验,本科
1143,1年经验,本科
1144,1年经验,大专
1145,1年经验,本科
1146,5-7年经验,博士
1147,无需经验,大专
1148,3-4年经验,本科
1149,2年经验,大专
1150,1年经验,本科
1151,1年经验,大专
1152,1年经验,本科
1153,3-4年经验,大专
1154,1年经验,大专
1155,2年经验,大专
1156,3-4年经验,本科
1157,1年经验,本科
1158,2年经验,本科
1159,1年经验,无学历要求
1160,2年经验,本科
1161,3-4年经验,本科
1162,3-4年经验,大专
1163,2年经验,大专
1164,2年经验,本科
1165,2年经验,本科
1166,2年经验,本科
1167,3-4年经验,大专
1168,1年经验,本科
1169,3-4年经验,本科
1170,在校生/应届生,高中
1171,1年经验,本科
1172,无需经验,大专
1173,1年经验,本科
1174,3-4年经验,大专
1175,5-7年经验,大专
1176,2年经验,本科
1177,3-4年经验,本科
1178,2年经验,本科
1179,3-4年经验,本科
1180,本科,无学历要求
1181,2年经验,本科
1182,2年经验,本科
1183,3-4年经验,本科
1184,2年经验,大专
1185,在校生/应届生,本科
1186,3-4年经验,本科
1187,1年经验,高中
1188,1年经验,中技
1189,在校生/应届生,大专
1190,5-7年经验,本科
1191,3-4年经验,本科
1192,在校生/应届生,本科
1193,2年经验,高中
1194,3-4年经验,本科
1195,8-9年经验,硕士
1196,1年经验,本科
1197,1年经验,本科
1198,1年经验,本科
1199,1年经验,大专
1200,5-7年经验,大专
1201,5-7年经验,本科
1202,1年经验,大专
1203,1年经验,大专
1204,2年经验,本科
1205,无需经验,大专
1206,在校生/应届生,本科
1207,2年经验,本科
1208,2年经验,本科
1209,1年经验,高中
1210,2年经验,大专
1211,5-7年经验,本科
1212,在校生/应届生,本科
1213,3-4年经验,本科
1214,在校生/应届生,大专
1215,3-4年经验,高中
1216,2年经验,高中
1217,1年经验,本科
1218,1年经验,本科
1219,1年经验,大专
1220,3-4年经验,大专
1221,在校生/应届生,大专
1222,2年经验,大专
1223,3-4年经验,本科
1224,1年经验,本科
1225,无需经验,大专
1226,在校生/应届生,本科
1227,5-7年经验,本科
1228,1年经验,本科
1229,1年经验,本科
1230,3-4年经验,大专
1231,2年经验,大专
1232,大专,无学历要求
1233,2年经验,本科
1234,2年经验,大专
1235,3-4年经验,大专
1236,硕士,招1人
1237,1年经验,大专
1238,1年经验,高中
1239,1年经验,硕士
1240,2年经验,硕士
1241,1年经验,本科
1242,3-4年经验,中专
1243,3-4年经验,大专
1244,2年经验,大专
1245,3-4年经验,本科
1246,2年经验,本科
1247,2年经验,大专
1248,3-4年经验,大专
1249,1年经验,大专
1250,在校生/应届生,本科
1251,3-4年经验,大专
1252,3-4年经验,本科
1253,3-4年经验,本科
1254,在校生/应届生,大专
1255,10年以上经验,本科
1256,3-4年经验,大专
1257,在校生/应届生,本科
1258,3-4年经验,大专
1259,1年经验,硕士
1260,2年经验,大专
1261,3-4年经验,大专
1262,1年经验,大专
1263,在校生/应届生,大专
1264,3-4年经验,大专
1265,无需经验,硕士
1266,3-4年经验,硕士
1267,3-4年经验,本科
1268,在校生/应届生,大专
1269,1年经验,中专
1270,3-4年经验,本科
1271,3-4年经验,大专
1272,3-4年经验,本科
1273,在校生/应届生,大专
1274,1年经验,大专
1275,5-7年经验,大专
1276,无需经验,本科
1277,2年经验,大专
1278,2年经验,本科
1279,本科,无学历要求
1280,1年经验,本科
1281,在校生/应届生,本科
1282,1年经验,本科
1283,5-7年经验,本科
1284,2年经验,本科
1285,3-4年经验,本科
1286,2年经验,硕士
1287,无需经验,无学历要求
1288,1年经验,大专
1289,在校生/应届生,本科
1290,3-4年经验,大专
1291,在校生/应届生,本科
1292,3-4年经验,大专
1293,3-4年经验,本科
1294,1年经验,本科
1295,1年经验,大专
1296,1年经验,本科
1297,1年经验,大专
1298,2年经验,本科
1299,1年经验,本科
1300,在校生/应届生,大专
1301,1年经验,无学历要求
1302,1年经验,无学历要求
1303,2年经验,中技
1304,2年经验,大专
1305,2年经验,大专
1306,8-9年经验,硕士
1307,2年经验,本科
1308,1年经验,本科
1309,10年以上经验,本科
1310,1年经验,本科
1311,1年经验,硕士
1312,本科,招1人
1313,在校生/应届生,本科
1314,3-4年经验,本科
1315,3-4年经验,硕士
1316,在校生/应届生,大专
1317,在校生/应届生,本科
1318,2年经验,本科
1319,3-4年经验,本科
1320,3-4年经验,本科
1321,3-4年经验,硕士
1322,本科,无学历要求
1323,5-7年经验,本科
1324,3-4年经验,本科
1325,2年经验,大专
1326,3-4年经验,本科
1327,在校生/应届生,大专
1328,本科,无学历要求
1329,2年经验,大专
1330,2年经验,本科
1331,1年经验,本科
1332,3-4年经验,大专
1333,5-7年经验,本科
1334,1年经验,本科
1335,本科,无学历要求
1336,在校生/应届生,本科
1337,3-4年经验,本科
1338,3-4年经验,本科
1339,无需经验,大专
1340,3-4年经验,本科
1341,1年经验,大专
1342,2年经验,大专
1343,在校生/应届生,无学历要求
1344,无需经验,大专
1345,3-4年经验,本科
1346,无需经验,中专
1347,2年经验,大专
1348,3-4年经验,本科
1349,1年经验,大专
1350,3-4年经验,本科
1351,无需经验,本科
1352,8-9年经验,本科
1353,大专,招1人
1354,1年经验,大专
1355,在校生/应届生,大专
1356,2年经验,本科
1357,5-7年经验,本科
1358,3-4年经验,本科
1359,2年经验,本科
1360,5-7年经验,大专
1361,2年经验,大专
1362,1年经验,本科
1363,2年经验,大专
1364,3-4年经验,本科
1365,中专,无学历要求
1366,3-4年经验,本科
1367,1年经验,本科
1368,2年经验,本科
1369,2年经验,大专
1370,大专,招1人
1371,2年经验,本科
1372,1年经验,本科
1373,3-4年经验,本科
1374,3-4年经验,本科
1375,5-7年经验,本科
1376,3-4年经验,大专
1377,2年经验,大专
1378,2年经验,大专
1379,1年经验,本科
1380,在校生/应届生,大专
1381,1年经验,本科
1382,1年经验,大专
1383,1年经验,大专
1384,1年经验,大专
1385,1年经验,本科
1386,2年经验,大专
1387,2年经验,本科
1388,大专,无学历要求
1389,2年经验,本科
1390,3-4年经验,本科
1391,2年经验,本科
1392,在校生/应届生,大专
1393,3-4年经验,本科
1394,1年经验,本科
1395,在校生/应届生,大专
1396,在校生/应届生,大专
1397,2年经验,本科
1398,2年经验,大专
1399,2年经验,本科
1400,3-4年经验,大专
1401,3-4年经验,大专
1402,5-7年经验,大专
1403,1年经验,大专
1404,5-7年经验,本科
1405,2年经验,本科
1406,1年经验,大专
1407,1年经验,大专
1408,3-4年经验,大专
1409,1年经验,大专
1410,1年经验,本科
1411,1年经验,大专
1412,2年经验,本科
1413,1年经验,大专
1414,在校生/应届生,无学历要求
1415,5-7年经验,本科
1416,2年经验,大专
1417,无需经验,大专
1418,1年经验,本科
1419,无需经验,大专
1420,2年经验,大专
1421,3-4年经验,本科
1422,3-4年经验,本科
1423,1年经验,大专
1424,3-4年经验,本科
1425,1年经验,大专
1426,在校生/应届生,本科
1427,1年经验,本科
1428,在校生/应届生,大专
1429,在校生/应届生,本科
1430,2年经验,本科
1431,在校生/应届生,大专
1432,1年经验,本科
1433,2年经验,本科
1434,1年经验,本科
1435,3-4年经验,本科
1436,1年经验,本科
1437,5-7年经验,大专
1438,3-4年经验,本科
1439,3-4年经验,大专
1440,本科,无学历要求
1441,本科,无学历要求
1442,在校生/应届生,硕士
1443,大专,无学历要求
1444,在校生/应届生,大专
1445,在校生/应届生,本科
1446,1年经验,大专
1447,3-4年经验,本科
1448,1年经验,硕士
1449,大专,无学历要求
1450,1年经验,大专
1451,大专,无学历要求
1452,1年经验,大专
1453,2年经验,大专
1454,3-4年经验,本科
1455,5-7年经验,本科
1456,2年经验,大专
1457,3-4年经验,大专
1458,3-4年经验,大专
1459,3-4年经验,本科
1460,2年经验,大专
1461,3-4年经验,本科
1462,1年经验,大专
1463,3-4年经验,本科
1464,3-4年经验,硕士
1465,2年经验,大专
1466,2年经验,本科
1467,无需经验,大专
1468,3-4年经验,大专
1469,2年经验,本科
1470,1年经验,本科
1471,无需经验,中专
1472,1年经验,中专
1473,在校生/应届生,本科
1474,3-4年经验,本科
1475,无需经验,大专
1476,在校生/应届生,大专
1477,2年经验,本科
1478,3-4年经验,本科
1479,5-7年经验,本科
1480,3-4年经验,本科
1481,5-7年经验,本科
1482,5-7年经验,本科
1483,2年经验,本科
1484,1年经验,大专
1485,3-4年经验,大专
1486,3-4年经验,硕士
1487,3-4年经验,大专
1488,在校生/应届生,本科
1489,1年经验,大专
1490,1年经验,高中
1491,1年经验,大专
1492,3-4年经验,本科
1493,1年经验,本科
1494,大专,无学历要求
1495,3-4年经验,本科
1496,3-4年经验,本科
1497,2年经验,本科
1498,3-4年经验,本科
1499,1年经验,本科
1500,1年经验,本科
1501,3-4年经验,大专
1502,3-4年经验,本科
1503,1年经验,本科
1504,3-4年经验,本科
1505,2年经验,本科
1506,1年经验,大专
1507,2年经验,大专
1508,2年经验,本科
1509,10年以上经验,大专
1510,3-4年经验,本科
1511,5-7年经验,大专
1512,2年经验,本科
1513,1年经验,大专
1514,1年经验,本科
1515,2年经验,本科
1516,5-7年经验,本科
1517,3-4年经验,本科
1518,8-9年经验,本科
1519,5-7年经验,本科
1520,5-7年经验,本科
1521,5-7年经验,本科
1522,2年经验,本科
1523,1年经验,本科
1524,无需经验,本科
1525,在校生/应届生,本科
1526,在校生/应届生,本科
1527,在校生/应届生,本科
1528,5-7年经验,本科
1529,2年经验,大专
1530,2年经验,本科
1531,2年经验,大专
1532,3-4年经验,本科
1533,3-4年经验,本科
1534,2年经验,本科
1535,无需经验,硕士
1536,在校生/应届生,本科
1537,1年经验,本科
1538,5-7年经验,本科
1539,3-4年经验,本科
1540,5-7年经验,硕士
1541,在校生/应届生,本科
1542,在校生/应届生,大专
1543,本科,无学历要求
1544,1年经验,大专
1545,3-4年经验,硕士
1546,5-7年经验,本科
1547,3-4年经验,硕士
1548,本科,招1人
1549,在校生/应届生,无学历要求
1550,3-4年经验,本科
1551,3-4年经验,本科
1552,3-4年经验,本科
1553,2年经验,大专
1554,在校生/应届生,本科
1555,在校生/应届生,本科
1556,3-4年经验,本科
1557,3-4年经验,本科
1558,2年经验,大专
1559,3-4年经验,本科
1560,3-4年经验,本科
1561,3-4年经验,本科
1562,3-4年经验,本科
1563,2年经验,本科
1564,在校生/应届生,硕士
1565,在校生/应届生,本科
1566,5-7年经验,大专
1567,无需经验,无学历要求
1568,2年经验,大专
1569,5-7年经验,本科
1570,3-4年经验,本科
1571,在校生/应届生,大专
1572,1年经验,大专
1573,1年经验,中技
1574,无需经验,硕士
1575,1年经验,大专
1576,3-4年经验,本科
1577,5-7年经验,本科
1578,在校生/应届生,大专
1579,2年经验,本科
1580,3-4年经验,本科
1581,5-7年经验,本科
1582,1年经验,大专
1583,1年经验,本科
1584,无需经验,本科
1585,在校生/应届生,中技
1586,在校生/应届生,本科
1587,3-4年经验,本科
1588,1年经验,大专
1589,3-4年经验,本科
1590,1年经验,本科
1591,5-7年经验,本科
1592,在校生/应届生,大专
1593,1年经验,中专
1594,大专,无学历要求
1595,1年经验,本科
1596,大专,无学历要求
1597,1年经验,大专
1598,在校生/应届生,大专
1599,1年经验,大专
1600,5-7年经验,本科
1601,2年经验,无学历要求
1602,1年经验,大专
1603,3-4年经验,本科
1604,5-7年经验,硕士
1605,5-7年经验,本科
1606,3-4年经验,大专
1607,1年经验,本科
1608,3-4年经验,本科
1609,在校生/应届生,本科
1610,5-7年经验,本科
1611,在校生/应届生,本科
1612,5-7年经验,本科
1613,2年经验,大专
1614,在校生/应届生,大专
1615,3-4年经验,本科
1616,1年经验,本科
1617,3-4年经验,本科
1618,2年经验,本科
1619,1年经验,大专
1620,在校生/应届生,中技
1621,无需经验,大专
1622,5-7年经验,大专
1623,2年经验,本科
1624,2年经验,本科
1625,2年经验,大专
1626,3-4年经验,大专
1627,8-9年经验,本科
1628,无需经验,大专
1629,1年经验,中专
1630,1年经验,本科
1631,高中,无学历要求
1632,无需经验,高中
1633,1年经验,本科
1634,2年经验,本科
1635,1年经验,大专
1636,无需经验,大专
1637,无需经验,高中
1638,5-7年经验,本科
1639,在校生/应届生,本科
1640,2年经验,大专
1641,1年经验,本科
1642,1年经验,本科
1643,5-7年经验,本科
1644,3-4年经验,本科
1645,3-4年经验,本科
1646,无需经验,大专
1647,3-4年经验,大专
1648,2年经验,本科
1649,3-4年经验,本科
1650,3-4年经验,本科
1651,5-7年经验,本科
1652,大专,无学历要求
1653,3-4年经验,本科
1654,1年经验,大专
1655,大专,无学历要求
1656,2年经验,大专
1657,1年经验,中专
1658,3-4年经验,本科
1659,1年经验,大专
1660,5-7年经验,本科
1661,2年经验,本科
1662,无需经验,本科
1663,3-4年经验,本科
1664,1年经验,本科
1665,无需经验,高中
1666,在校生/应届生,大专
1667,2年经验,本科
1668,2年经验,本科
1669,1年经验,本科
1670,无需经验,中专
1671,1年经验,本科
1672,2年经验,大专
1673,1年经验,本科
1674,1年经验,大专
1675,1年经验,大专
1676,2年经验,本科
1677,在校生/应届生,大专
1678,1年经验,中专
1679,10年以上经验,本科
1680,2年经验,本科
1681,在校生/应届生,本科
1682,3-4年经验,大专
1683,1年经验,本科
1684,无需经验,大专
1685,1年经验,大专
1686,3-4年经验,大专
1687,2年经验,大专
1688,3-4年经验,本科
1689,2年经验,本科
1690,2年经验,大专
1691,1年经验,大专
1692,无需经验,大专
1693,在校生/应届生,大专
1694,2年经验,本科
1695,10年以上经验,本科
1696,3-4年经验,大专
1697,1年经验,大专
1698,5-7年经验,本科
1699,2年经验,大专
1700,无需经验,大专
1701,1年经验,大专
1702,2年经验,大专
1703,2年经验,本科
1704,5-7年经验,本科
1705,2年经验,本科
1706,3-4年经验,本科
1707,3-4年经验,本科
1708,3-4年经验,本科
1709,在校生/应届生,大专
1710,1年经验,本科
1711,3-4年经验,本科
1712,1年经验,大专
1713,1年经验,大专
1714,3-4年经验,本科
1715,无需经验,中专
1716,2年经验,本科
1717,在校生/应届生,本科
1718,3-4年经验,本科
1719,3-4年经验,本科
1720,1年经验,本科
1721,1年经验,本科
1722,3-4年经验,本科
1723,3-4年经验,本科
1724,1年经验,本科
1725,8-9年经验,本科
1726,1年经验,大专
1727,1年经验,本科
1728,3-4年经验,大专
1729,1年经验,大专
1730,3-4年经验,大专
1731,5-7年经验,本科
1732,3-4年经验,本科
1733,2年经验,大专
1734,在校生/应届生,本科
1735,2年经验,大专
1736,5-7年经验,大专
1737,2年经验,无学历要求
1738,3-4年经验,本科
1739,3-4年经验,本科
1740,在校生/应届生,本科
1741,大专,无学历要求
1742,1年经验,无学历要求
1743,1年经验,本科
1744,1年经验,大专
1745,1年经验,大专
1746,无需经验,中专
1747,在校生/应届生,本科
1748,在校生/应届生,大专
1749,1年经验,本科
1750,3-4年经验,本科
1751,在校生/应届生,大专
1752,2年经验,大专
1753,2年经验,中技
1754,1年经验,大专
1755,5-7年经验,本科
1756,3-4年经验,本科
1757,3-4年经验,大专
1758,3-4年经验,大专
1759,无需经验,本科
1760,1年经验,大专
1761,5-7年经验,本科
1762,在校生/应届生,本科
1763,1年经验,大专
1764,在校生/应届生,本科
1765,2年经验,大专
1766,2年经验,本科
1767,3-4年经验,本科
1768,无需经验,大专
1769,8-9年经验,本科
1770,3-4年经验,本科
1771,2年经验,本科
1772,3-4年经验,本科
1773,2年经验,本科
1774,8-9年经验,本科
1775,2年经验,本科
1776,2年经验,本科
1777,3-4年经验,硕士
1778,大专,无学历要求
1779,在校生/应届生,本科
1780,2年经验,大专
1781,2年经验,本科
1782,3-4年经验,本科
1783,3-4年经验,本科
1784,1年经验,大专
1785,无需经验,大专
1786,无需经验,大专
1787,无需经验,本科
1788,2年经验,本科
1789,1年经验,本科
1790,在校生/应届生,大专
1791,本科,招1人
1792,在校生/应届生,本科
1793,在校生/应届生,中专
1794,1年经验,本科
1795,1年经验,大专
1796,3-4年经验,大专
1797,3-4年经验,本科
1798,2年经验,本科
1799,在校生/应届生,大专
1800,1年经验,本科
1801,在校生/应届生,本科
1802,2年经验,本科
1803,3-4年经验,大专
1804,3-4年经验,本科
1805,2年经验,本科
1806,2年经验,本科
1807,2年经验,大专
1808,3-4年经验,本科
1809,2年经验,本科
1810,1年经验,大专
1811,5-7年经验,本科
1812,2年经验,本科
1813,无需经验,无学历要求
1814,在校生/应届生,本科
1815,1年经验,大专
1816,2年经验,本科
1817,无需经验,中专
1818,5-7年经验,本科
1819,3-4年经验,本科
1820,1年经验,本科
1821,1年经验,大专
1822,1年经验,大专
1823,3-4年经验,本科
1824,2年经验,本科
1825,3-4年经验,本科
1826,2年经验,本科
1827,1年经验,大专
1828,3-4年经验,本科
1829,3-4年经验,本科
1830,5-7年经验,本科
1831,1年经验,大专
1832,2年经验,本科
1833,1年经验,中专
1834,无需经验,大专
1835,1年经验,本科
1836,3-4年经验,本科
1837,5-7年经验,本科
1838,5-7年经验,本科
1839,1年经验,高中
1840,5-7年经验,本科
1841,3-4年经验,大专
1842,1年经验,大专
1843,在校生/应届生,本科
1844,在校生/应届生,本科
1845,在校生/应届生,本科
1846,在校生/应届生,本科
1847,1年经验,本科
1848,2年经验,大专
1849,大专,无学历要求
1850,1年经验,本科
1851,1年经验,硕士
1852,3-4年经验,本科
1853,3-4年经验,硕士
1854,5-7年经验,本科
1855,2年经验,本科
1856,1年经验,大专
1857,2年经验,本科
1858,1年经验,本科
1859,2年经验,本科
1860,在校生/应届生,大专
1861,2年经验,本科
1862,本科,无学历要求
1863,3-4年经验,本科
1864,2年经验,本科
1865,1年经验,无学历要求
1866,1年经验,大专
1867,大专,无学历要求
1868,3-4年经验,本科
1869,2年经验,大专
1870,1年经验,本科
1871,2年经验,本科
1872,5-7年经验,本科
1873,3-4年经验,本科
1874,本科,招若干人
1875,1年经验,本科
1876,3-4年经验,本科
1877,1年经验,本科
1878,1年经验,本科
1879,1年经验,大专
1880,1年经验,大专
1881,1年经验,大专
1882,1年经验,本科
1883,2年经验,大专
1884,2年经验,大专
1885,3-4年经验,大专
1886,1年经验,本科
1887,3-4年经验,大专
1888,2年经验,本科
1889,2年经验,大专
1890,3-4年经验,硕士
1891,在校生/应届生,无学历要求
1892,1年经验,大专
1893,2年经验,本科
1894,无需经验,本科
1895,5-7年经验,本科
1896,5-7年经验,本科
1897,大专,无学历要求
1898,2年经验,大专
1899,5-7年经验,硕士
1900,3-4年经验,大专
1901,中专,无学历要求
1902,1年经验,本科
1903,5-7年经验,大专
1904,3-4年经验,本科
1905,3-4年经验,本科
1906,3-4年经验,本科
1907,2年经验,本科
1908,无需经验,大专
1909,无需经验,本科
1910,3-4年经验,本科
1911,3-4年经验,本科
1912,3-4年经验,本科
1913,本科,无学历要求
1914,1年经验,本科
1915,本科,无学历要求
1916,1年经验,本科
1917,2年经验,大专
1918,3-4年经验,本科
1919,1年经验,本科
1920,在校生/应届生,本科
1921,1年经验,本科
1922,1年经验,大专
1923,3-4年经验,本科
1924,3-4年经验,本科
1925,2年经验,本科
1926,5-7年经验,本科
1927,1年经验,大专
1928,在校生/应届生,大专
1929,在校生/应届生,大专
1930,5-7年经验,大专
1931,1年经验,大专
1932,2年经验,本科
1933,2年经验,大专
1934,在校生/应届生,大专
1935,大专,招5人
